,맛_맛있다,맛_맛없다,맛_단맛,맛_쓴맛,맛_신맛,맛_과일맛,맛_유제품맛,재구매의사_있음,재구매의사_없음,목넘김_좋음,목넘김_불편,기능_다이어트,기능_질건강,기능_장건강,기능_피로회복
0,0,0,0,0,0,0,0,0,0,0,0,0,0,0,1
1,0,0,0,0,0,0,0,0,0,1,0,0,0,0,1
2,0,0,1,0,0,0,0,0,0,0,0,0,0,0,1
3,0,0,0,0,0,0,0,1,0,0,0,0,0,0,1
4,0,0,0,0,0,0,0,0,0,0,0,0,0,0,1
5,0,0,1,0,1,0,0,1,0,0,0,0,0,1,1
6,0,0,1,0,1,0,0,0,0,0,0,0,0,0,1
7,0,0,0,0,1,0,0,0,0,0,0,0,0,0,1
8,0,0,1,0,1,0,0,1,0,0,0,0,0,0,1
9,0,0,0,0,1,0,0,1,0,0,0,0,0,0,1
10,0,0,0,0,0,0,0,0,0,0,0,0,0,0,1
11,0,0,0,0,0,0,0,1,0,0,0,0,0,0,1
12,1,0,1,0,1,0,0,1,0,0,0,0,0,0,1
13,0,0,1,0,1,0,0,1,0,1,0,0,0,0,1
14,0,0,1,0,1,0,0,0,0,0,0,0,1,1,1
15,0,0,1,0,1,0,0,1,0,1,0,0,0,0,1
16,0,0,0,0,0,0,0,0,0,0,0,0,0,0,1
17,1,0,1,0,1,0,0,1,0,0,0,0,0,1,1
18,1,0,1,0,1,0,0,1,0,0,0,0,0,0,1
19,0,0,0,0,0,0,0,0,0,0,0,0,0,0,1
20,1,0,1,0,1,0,0,1,0,0,0,0,0,0,1
21,0,0,1,0,1,0,0,1,0,0,0,0,0,0,1
22,0,0,0,0,0,0,0,0,0,0,0,0,0,0,1
23,1,0,0,0,1,1,0,1,0,0,0,0,0,0,1
24,1,0,1,0,1,0,0,1,0,0,0,0,0,0,1
25,1,0,1,0,1,0,0,0,0,0,0,0,0,0,1
26,0,0,0,0,1,0,0,0,0,0,0,0,0,0,1
27,0,0,1,0,1,0,0,1,0,1,0,0,0,0,1
28,0,0,1,0,1,0,0,1,0,0,0,0,0,0,1
29,0,0,1,0,0,0,0,0,0,0,0,0,0,0,1
30,0,0,0,0,1,0,0,0,0,0,0,0,0,0,1
31,0,0,1,0,1,0,0,0,0,0,0,0,0,0,1
32,0,0,1,0,0,0,0,1,0,0,0,0,0,0,1
33,0,0,0,0,0,0,0,0,0,0,0,0,0,0,1
34,1,0,1,0,1,1,0,1,0,0,0,0,0,0,1
35,0,0,0,0,1,0,0,1,0,0,0,0,0,0,1
36,0,0,1,0,1,0,0,1,0,0,0,0,0,0,1
37,1,0,1,0,1,0,0,1,0,0,0,0,0,0,1
38,1,0,1,0,1,0,0,1,0,0,0,0,0,0,1
39,0,1,1,0,1,1,0,0,0,0,0,0,0,0,1
40,1,0,1,0,1,1,0,1,0,0,0,0,0,0,1
41,1,0,1,0,1,0,0,1,0,0,0,0,1,1,1
42,1,0,1,0,0,1,0,1,0,0,0,0,0,0,1
43,1,0,0,0,0,1,0,1,0,0,0,0,0,0,1
44,0,0,1,0,1,0,0,1,0,0,0,0,0,0,1
45,0,0,1,0,0,0,0,1,0,0,0,0,0,0,1
46,0,0,0,0,1,0,0,1,0,0,0,0,0,0,1
47,0,0,1,0,0,0,0,0,0,0,0,0,0,0,1
48,0,0,1,0,1,0,0,0,0,0,0,0,0,0,1
49,0,0,0,0,1,0,0,0,0,0,0,0,0,0,1
50,0,0,0,0,0,0,0,1,0,0,0,0,0,0,1
51,0,0,1,0,1,0,0,1,0,0,0,0,0,0,1
52,0,0,0,0,0,0,0,1,0,1,0,0,0,0,1
53,0,0,0,0,1,0,0,0,0,0,0,0,0,0,1
54,0,0,1,0,1,0,0,1,0,0,0,0,0,0,1
55,0,0,0,0,0,0,0,1,0,0,0,0,0,0,1
56,1,0,1,0,1,0,0,1,0,0,0,0,0,0,1
57,1,0,0,0,0,0,0,0,0,0,0,0,0,0,1
58,1,0,1,0,0,1,0,0,0,0,0,0,0,0,1
59,1,0,1,0,1,1,0,1,0,0,0,0,0,0,1
60,1,0,1,0,1,0,0,0,0,0,0,0,0,0,1
61,0,0,0,0,0,0,0,1,0,0,0,0,0,0,1
62,1,0,1,0,1,1,0,0,0,0,0,0,0,0,1
63,1,0,1,0,1,1,0,0,0,0,0,0,0,0,1
64,0,0,1,0,1,0,0,1,0,0,0,0,0,0,1
65,1,0,0,0,1,0,0,0,0,0,0,0,0,1,1
66,1,0,1,0,1,1,0,1,0,0,0,0,0,0,1
67,0,0,1,0,1,0,0,1,0,0,0,0,0,0,1
68,0,0,1,0,1,0,0,1,0,0,0,0,0,1,1
69,0,0,1,0,1,0,0,1,0,0,0,0,0,0,1
70,0,0,1,0,1,0,0,1,0,0,0,0,0,0,1
71,1,0,1,0,1,0,0,1,0,0,0,0,0,0,1
72,0,0,0,0,0,0,0,1,0,0,0,0,0,0,1
73,1,0,0,0,1,0,0,0,0,0,0,0,0,0,1
74,0,0,0,0,1,0,0,0,0,0,0,0,0,0,1
75,0,0,0,0,1,0,0,1,0,0,0,0,0,0,1
76,0,0,1,0,1,0,0,1,0,0,0,0,0,0,1
77,1,0,0,0,0,0,0,0,0,0,0,0,0,0,1
78,0,0,1,0,1,0,0,1,0,0,0,0,0,0,1
79,0,0,1,0,0,0,0,1,0,0,0,0,0,0,1
80,0,0,1,0,1,1,0,1,0,0,0,0,0,0,1
81,1,0,1,0,1,1,0,1,0,0,0,0,1,1,1
82,0,0,1,0,1,0,0,0,0,0,0,0,1,0,1
83,0,0,1,0,1,0,0,1,0,0,0,0,0,1,1
84,0,0,1,0,1,0,0,0,1,0,0,0,0,1,1
85,0,0,0,0,1,0,0,0,0,1,0,0,0,0,1
86,1,0,1,0,1,0,0,1,0,0,0,0,0,1,1
87,0,0,1,0,1,0,0,0,0,0,0,0,1,1,1
88,0,0,1,0,0,0,0,1,0,0,0,0,0,0,1
89,0,0,1,0,1,0,0,1,0,0,0,0,0,0,1
90,0,0,1,0,1,0,0,0,0,0,0,0,0,0,1
91,0,0,0,0,0,0,0,1,0,0,0,0,0,0,1
92,1,0,1,0,1,0,0,0,0,0,0,0,0,0,1
93,1,0,1,0,1,0,0,0,0,0,0,0,0,0,1
94,0,0,1,0,1,0,0,0,0,0,0,0,0,0,1
95,0,0,1,0,1,0,0,1,0,0,0,0,1,1,1
96,1,0,1,0,1,1,0,1,0,0,0,0,0,0,1
97,1,0,1,0,1,1,0,0,0,0,0,0,0,0,1
98,1,0,1,0,1,0,0,1,0,0,0,0,0,0,1
99,1,0,1,0,1,1,0,0,0,0,0,0,0,0,1
100,0,0,0,0,1,0,0,0,0,0,0,0,0,0,1
101,0,0,1,0,1,0,0,1,0,0,0,0,0,0,1
102,0,0,1,0,1,0,0,1,0,0,0,0,1,1,1
103,0,0,0,0,0,0,0,0,1,0,0,0,0,0,1
104,1,0,1,0,1,1,0,1,0,0,0,0,0,0,1
105,1,0,1,0,1,1,0,1,0,0,0,0,0,0,1
106,1,0,0,0,0,0,0,0,0,0,0,0,0,0,1
107,1,0,1,0,1,1,0,1,0,0,0,0,0,1,1
108,1,0,1,0,1,1,0,0,0,0,0,0,0,0,1
109,1,0,1,0,1,1,0,0,0,0,0,0,0,0,1
110,1,0,1,0,1,1,0,1,0,0,0,0,0,0,1
111,0,0,0,0,0,0,0,0,0,0,0,0,0,0,1
112,1,0,1,0,1,1,0,1,0,0,0,0,0,0,1
113,0,0,1,0,1,0,0,0,0,0,0,0,0,0,1
114,0,0,0,0,0,0,0,0,0,0,0,0,0,0,1
115,0,0,1,0,1,0,0,1,0,0,0,0,0,0,1
116,0,0,1,0,1,0,0,1,0,0,0,0,0,0,1
117,0,0,0,0,0,0,0,1,0,0,0,0,0,0,1
118,0,0,0,0,0,0,0,0,0,1,0,0,0,0,1
119,0,0,1,0,1,0,0,1,0,0,0,0,1,0,1
120,0,0,1,0,1,0,0,1,0,0,0,0,0,0,1
121,0,0,1,0,1,0,0,0,0,0,0,0,0,0,1
122,0,0,1,0,1,1,0,1,0,0,0,0,0,0,1
123,1,0,1,0,1,0,0,0,0,0,0,0,0,0,1
124,0,0,1,0,1,0,0,1,0,0,0,0,0,0,1
125,0,0,1,0,1,0,0,1,0,1,0,0,0,0,1
126,1,0,0,0,0,1,0,1,0,0,0,0,0,0,1
127,0,0,0,0,1,0,0,0,0,0,0,0,0,1,1
128,0,0,1,0,1,0,0,0,0,0,0,0,1,0,1
129,1,0,1,0,1,0,0,1,0,0,0,0,0,1,1
130,0,0,0,0,0,0,0,0,0,0,0,0,0,0,1
131,0,0,0,0,1,0,0,1,0,0,0,0,0,0,1
132,0,0,0,0,1,0,0,0,0,0,0,0,0,0,1
133,0,0,1,0,1,0,0,1,0,0,0,0,1,0,1
134,0,0,1,0,1,0,0,1,0,0,0,0,0,0,1
135,1,0,1,0,1,1,0,1,0,0,0,0,0,1,1
136,0,0,1,0,1,0,0,1,0,0,0,0,0,0,1
137,0,0,0,0,0,0,0,1,0,0,0,0,0,0,1
138,1,0,1,0,1,1,0,1,0,0,0,0,0,0,1
139,1,0,0,0,0,0,0,0,0,0,0,0,0,0,1
140,1,0,1,0,0,1,0,1,0,0,0,0,0,0,1
141,1,0,0,0,1,0,0,1,0,0,0,0,0,0,1
142,1,0,0,0,1,0,0,0,0,0,0,0,0,0,1
143,0,0,0,0,0,0,0,0,0,0,0,0,0,0,1
144,1,0,1,0,1,0,0,0,0,0,0,0,0,0,1
145,0,0,0,0,0,0,0,0,0,0,0,0,0,0,1
146,0,0,0,0,0,0,0,0,0,0,0,0,0,0,1
147,0,0,0,0,0,0,0,0,0,0,0,0,0,0,1
148,1,0,1,0,1,1,0,0,1,1,0,0,0,0,1
149,1,0,1,0,1,1,0,0,0,0,0,0,0,0,1
150,0,0,0,0,0,0,0,1,0,0,0,0,0,0,1
151,0,0,0,0,1,0,0,1,0,0,0,0,0,0,1
152,0,0,0,0,1,0,0,1,0,0,0,0,0,0,1
153,0,0,1,0,0,0,0,1,0,0,0,0,0,0,1
154,1,0,1,0,1,1,0,0,0,0,0,0,0,0,1
155,1,0,1,0,1,1,0,1,0,0,0,0,0,0,1
156,0,0,1,0,1,0,0,0,1,0,0,0,0,0,1
157,0,0,0,0,1,0,0,0,0,0,0,0,0,0,1
158,0,0,1,0,1,0,0,1,0,0,0,0,0,0,1
159,0,0,0,0,0,0,0,1,0,0,0,0,0,0,1
160,1,0,1,0,1,1,0,1,0,0,0,0,0,0,1
161,0,0,0,0,0,0,0,0,0,0,0,0,0,0,1
162,1,0,1,0,1,0,0,0,0,0,0,0,1,1,1
163,1,0,1,0,1,1,0,1,0,0,0,0,0,0,1
164,0,0,1,0,0,0,0,0,0,0,0,0,0,0,1
165,0,0,1,0,1,0,0,0,0,0,0,0,0,0,1
166,1,0,1,0,1,1,0,0,0,0,0,0,0,0,1
167,0,0,1,0,0,0,0,0,0,0,0,0,0,0,1
168,1,0,1,0,1,1,0,1,0,0,0,0,0,0,1
169,1,0,0,0,1,1,0,1,0,0,0,0,0,0,1
170,1,0,1,0,0,0,0,1,0,0,0,0,0,0,1
171,0,0,1,0,1,0,0,0,0,0,0,0,0,0,1
172,0,0,0,0,0,0,0,0,0,0,0,0,0,0,1
173,0,0,1,0,1,0,0,1,0,0,0,0,0,0,1
174,0,0,0,0,1,0,0,1,0,0,0,0,0,0,1
175,0,0,0,0,1,0,0,0,0,0,0,0,0,0,1
176,0,0,1,0,0,0,0,0,0,0,0,0,0,0,1
177,0,0,0,0,1,0,0,1,0,0,0,0,0,0,1
178,0,0,1,0,0,0,0,1,0,0,0,0,0,0,1
179,0,0,0,0,0,0,0,1,0,1,0,0,0,0,1
180,0,0,0,0,0,0,0,0,0,0,0,0,0,0,1
181,0,1,1,0,1,0,0,0,0,0,0,0,0,0,1
182,0,1,1,0,1,1,0,1,0,0,0,0,0,0,1
183,0,0,0,0,0,0,0,0,0,0,0,0,0,0,1
184,1,0,1,0,1,0,0,1,0,0,0,0,0,0,1
185,1,0,1,0,1,1,0,1,0,0,0,0,0,0,1
186,1,0,1,0,1,1,0,1,0,0,0,0,1,0,1
187,1,0,1,0,0,1,0,0,0,0,0,0,0,0,1
188,0,0,1,0,0,0,0,0,0,0,0,0,0,0,1
189,0,0,0,0,0,0,0,1,0,0,0,0,0,0,1
190,0,0,0,0,0,0,0,1,0,0,0,0,0,0,1
191,0,0,1,0,1,0,0,1,0,0,0,0,0,0,1
192,0,0,0,0,0,0,0,0,0,0,0,0,0,0,1
193,0,0,0,0,0,0,0,0,0,0,0,0,0,0,1
194,1,0,1,0,1,0,0,1,0,0,0,0,0,0,1
195,0,0,1,0,1,0,0,0,0,0,0,0,0,0,1
196,0,0,1,0,1,0,0,1,0,0,0,0,0,0,1
197,0,0,1,0,1,0,0,1,0,0,0,0,0,0,1
198,0,0,0,0,0,0,0,1,0,0,0,0,0,0,1
199,1,0,1,0,0,0,0,0,0,0,0,0,0,0,1
200,0,0,0,0,1,0,0,0,0,0,0,0,0,0,1
201,0,0,1,0,1,0,0,1,0,0,0,0,0,0,1
202,0,0,1,0,0,0,0,0,0,0,0,0,0,0,1
203,1,0,1,0,0,0,0,0,0,0,0,0,0,0,1
204,1,0,1,0,0,0,0,0,0,0,0,0,0,0,1
205,0,0,1,0,1,0,0,1,0,0,0,0,0,0,1
206,0,0,1,0,0,0,0,0,0,0,0,0,0,0,1
207,1,0,1,0,0,1,0,0,0,0,0,0,0,0,1
208,0,0,0,0,1,0,0,1,0,0,0,0,0,0,1
209,0,0,1,0,1,1,0,0,0,0,0,0,0,0,1
210,1,0,1,0,1,0,0,0,0,0,0,1,0,0,1
211,0,0,1,0,1,1,0,1,0,0,0,0,0,0,1
212,1,0,1,0,1,1,0,0,0,0,0,0,0,0,1
213,1,0,1,0,1,1,0,1,0,0,0,0,0,0,1
214,0,0,1,0,1,0,0,0,0,0,0,0,0,0,1
215,0,0,0,0,0,0,0,0,0,0,0,0,0,0,1
216,0,0,0,0,0,0,0,1,0,0,0,0,0,0,1
217,0,0,1,0,1,0,0,1,0,0,0,0,0,0,1
218,0,0,0,0,0,0,0,0,0,0,0,0,0,0,1
219,1,0,0,0,0,0,0,1,0,0,0,0,0,0,1
220,0,0,1,0,1,0,0,0,1,0,0,0,0,0,1
221,0,0,0,0,0,0,0,0,0,0,0,0,0,0,1
222,0,0,1,0,0,0,0,0,0,0,0,0,0,0,1
223,0,0,1,0,1,0,0,1,0,0,0,0,0,0,1
224,0,0,0,0,1,0,0,1,0,1,0,0,0,1,1
225,1,0,1,0,1,1,0,1,0,0,0,0,0,0,1
226,1,0,1,0,1,1,0,0,1,0,0,0,0,0,1
227,1,0,1,0,1,0,0,0,0,0,0,0,0,0,1
228,0,0,0,0,0,0,0,1,0,0,0,0,0,0,1
229,0,0,0,0,0,0,0,1,0,0,0,0,0,0,1
230,0,0,1,0,1,0,0,1,0,0,0,0,0,0,1
231,0,0,0,0,1,0,0,0,0,0,0,0,0,0,1
232,0,0,1,0,1,0,0,1,0,0,0,0,0,1,1
233,0,0,1,0,1,0,0,1,0,0,0,0,0,0,1
234,0,0,0,0,1,0,0,1,0,0,0,0,0,0,1
235,0,0,1,0,1,0,0,1,0,0,0,0,0,0,1
236,1,0,1,0,1,1,0,0,0,0,0,0,0,0,1
237,1,0,1,0,1,1,0,1,0,0,0,0,0,0,1
238,1,0,1,0,1,0,0,0,0,0,0,0,0,0,1
239,0,0,1,0,1,0,0,1,0,1,0,0,0,0,1
240,0,0,1,0,1,0,0,0,0,0,0,0,0,0,1
241,0,0,1,0,1,0,0,1,0,1,0,0,0,0,1
242,1,0,1,0,1,1,0,1,0,0,0,0,0,0,1
243,0,0,1,0,0,0,0,0,0,0,0,0,0,0,1
244,0,0,1,0,1,0,0,0,0,1,0,0,0,0,1
245,0,0,0,0,0,0,0,0,0,0,0,0,0,0,1
246,0,0,0,0,0,0,0,0,0,0,0,0,0,0,1
247,0,0,1,0,0,0,0,1,0,1,0,0,0,0,1
248,0,0,0,0,0,0,0,0,0,0,0,0,0,0,1
249,0,0,0,0,0,0,0,0,0,0,0,0,0,0,1
250,0,0,1,0,1,0,0,0,0,0,0,0,0,0,1
251,0,0,1,0,1,1,0,1,0,0,0,0,0,0,1
252,0,0,1,0,1,0,0,0,0,0,0,0,0,0,1
253,0,0,0,0,1,0,0,1,0,0,0,0,0,0,1
254,0,0,0,0,0,0,0,0,0,0,0,0,0,0,1
255,1,0,1,0,1,1,0,0,0,0,0,0,0,0,1
256,0,0,1,0,1,0,0,1,0,0,0,0,0,0,1
257,0,0,1,0,1,0,0,0,0,0,0,0,0,0,1
258,0,0,1,0,1,0,0,0,0,0,0,0,0,0,1
259,0,0,1,0,1,0,0,1,0,0,0,0,0,0,1
260,0,0,0,0,1,0,0,0,0,0,0,0,0,0,1
261,0,0,0,0,1,0,0,0,0,0,0,0,0,0,1
262,0,0,1,0,1,0,0,0,0,0,0,0,0,0,1
263,0,0,1,0,1,0,0,0,1,0,0,0,0,0,1
264,0,0,1,0,1,1,0,1,0,0,0,0,0,0,1
265,0,0,0,0,0,0,0,1,0,0,0,0,0,0,1
266,0,0,1,0,1,0,0,0,0,0,0,0,0,0,1
267,0,0,1,0,0,0,0,0,0,0,0,0,0,0,1
268,0,0,0,0,0,0,0,1,0,0,0,0,0,0,1
269,0,0,0,0,0,0,0,0,0,0,0,0,0,0,1
270,0,0,0,0,1,0,0,1,0,0,0,0,0,0,1
271,0,0,1,0,1,0,0,1,0,0,0,0,1,0,1
272,0,0,0,0,1,0,0,0,0,0,0,0,0,0,1
273,0,0,0,0,0,0,0,0,0,0,0,0,0,0,1
274,0,0,1,0,1,0,0,1,0,0,0,0,0,0,1
275,0,0,1,0,1,0,0,1,0,0,0,0,0,1,1
276,0,0,0,0,0,0,0,1,0,0,0,0,0,0,1
277,0,0,0,0,0,0,0,1,0,0,0,0,0,0,1
278,0,0,1,0,0,0,0,0,0,0,0,0,0,0,1
279,0,0,1,0,1,0,0,1,0,0,0,0,0,0,1
280,0,0,0,0,1,0,0,1,0,1,0,0,0,0,1
281,1,0,1,0,1,0,0,1,0,0,0,0,0,0,1
282,1,0,1,0,1,0,0,1,0,0,0,0,0,0,1
283,0,0,1,0,1,0,0,0,0,0,0,0,0,1,1
284,0,0,1,0,0,0,0,0,0,0,0,0,0,0,1
285,0,0,1,0,1,0,0,1,0,0,0,0,0,0,1
286,1,0,1,0,0,0,0,1,0,0,0,0,0,0,1
287,0,0,1,0,1,0,0,0,0,0,0,0,0,0,1
288,0,0,0,0,1,0,0,1,0,0,0,0,0,0,1
289,0,0,0,0,1,0,0,0,0,0,0,0,0,0,1
290,0,0,1,0,1,0,0,0,0,0,0,0,0,0,1
291,0,0,1,0,0,1,0,0,0,0,0,0,0,0,1
292,0,0,0,0,0,0,0,0,0,0,0,0,0,0,1
293,0,0,0,0,0,0,0,0,0,0,0,0,0,0,1
294,1,0,1,0,1,1,0,0,0,0,0,0,0,0,1
295,0,0,0,0,0,0,0,1,0,0,0,0,0,0,1
296,0,0,0,0,1,0,0,1,0,0,0,0,0,0,1
297,0,1,1,0,1,1,0,1,0,0,0,0,0,0,1
298,0,0,1,0,1,0,0,0,0,0,0,0,0,0,1
299,1,0,1,0,1,0,0,1,0,0,0,0,0,0,1
300,0,0,1,0,0,0,0,1,0,0,0,0,0,0,1
301,1,0,1,0,0,0,0,1,0,0,0,0,0,0,1
302,1,0,1,0,1,0,0,1,0,0,0,0,0,0,1
303,1,0,1,0,1,0,0,1,0,0,0,0,0,0,1
304,1,0,1,0,1,0,0,1,0,0,0,0,0,0,1
305,0,0,1,0,1,0,0,1,0,0,0,0,0,0,1
306,0,0,0,0,0,0,0,0,0,0,0,0,0,0,1
307,0,0,1,0,1,0,0,0,0,0,0,0,0,0,1
308,0,0,1,0,0,0,0,0,0,0,0,0,0,0,1
309,0,0,1,0,0,0,0,0,0,0,0,0,0,0,1
310,0,0,1,0,1,0,0,1,0,0,0,0,0,0,1
311,0,0,0,0,1,0,0,0,0,0,0,0,0,0,1
312,0,0,1,0,1,1,0,0,0,0,0,0,0,0,1
313,0,0,1,0,1,0,0,1,0,0,0,0,0,0,1
314,0,0,1,0,1,0,0,1,0,0,0,0,0,0,1
315,0,0,1,0,1,0,0,1,0,0,0,0,0,0,1
316,0,0,1,0,1,0,0,0,0,0,0,0,0,0,1
317,0,0,1,0,0,0,0,1,0,0,0,0,0,0,1
318,0,0,1,0,1,0,0,0,0,0,0,0,0,0,1
319,0,0,1,0,1,0,0,1,0,0,0,0,0,0,1
320,0,0,1,0,1,0,0,1,0,0,0,0,0,0,1
321,0,0,0,0,0,0,0,0,0,0,0,0,0,0,1
322,0,0,1,0,1,0,0,1,0,0,0,0,0,0,1
323,0,0,0,0,0,0,0,0,0,0,0,0,0,0,1
324,1,0,0,0,0,0,0,1,0,0,0,0,0,0,1
325,0,0,1,0,0,0,0,1,0,0,0,0,0,0,1
326,0,0,0,0,0,0,0,1,0,0,0,0,0,0,1
327,0,0,0,0,0,0,0,1,0,0,0,0,0,0,1
328,0,0,0,0,1,0,0,0,0,0,0,0,0,0,1
329,1,0,1,0,1,0,0,1,0,0,0,0,0,0,1
330,1,0,1,0,0,0,0,1,0,0,0,0,0,0,1
331,1,0,1,0,1,1,0,1,0,0,0,0,0,0,1
332,1,0,1,0,1,0,0,0,0,0,0,0,0,0,1
333,1,0,1,0,1,1,0,1,0,0,0,0,0,0,1
334,1,0,0,0,0,1,0,1,0,0,0,0,0,0,1
335,1,0,1,0,1,1,0,1,0,0,0,0,0,0,1
336,1,0,1,0,0,0,0,1,0,0,0,0,0,0,1
337,0,0,1,0,1,0,0,1,0,0,0,0,0,0,1
338,0,0,1,0,1,0,0,1,0,0,0,0,0,0,1
339,0,0,0,0,0,0,0,0,0,0,0,0,0,0,1
340,0,0,1,0,0,0,0,1,0,0,0,0,1,0,1
341,0,1,1,0,1,1,0,1,0,0,0,0,0,1,1
342,0,0,0,0,0,0,0,0,0,0,0,0,0,0,1
343,0,1,1,0,1,1,0,1,0,0,0,0,0,0,1
344,0,0,0,0,1,0,0,0,0,0,0,0,0,0,1
345,1,0,1,0,1,1,0,0,0,0,0,0,0,0,1
346,0,0,0,0,1,0,0,0,0,0,0,0,0,0,1
347,0,0,0,0,0,0,0,0,0,0,0,0,0,0,1
348,0,0,0,0,0,0,0,0,0,0,0,0,0,0,1
349,0,0,1,0,1,0,0,0,0,0,0,0,0,0,1
350,0,0,1,0,1,0,0,0,1,0,0,0,0,0,1
351,1,0,0,0,1,0,0,0,0,0,0,0,0,0,1
352,1,0,1,0,1,1,0,1,0,0,0,0,0,0,1
353,1,0,0,0,1,1,0,0,0,0,0,0,0,0,1
354,0,0,0,0,1,0,0,0,0,0,0,0,0,0,1
355,0,0,1,0,1,0,0,1,0,0,0,0,0,0,1
356,0,0,1,0,1,0,0,1,0,0,0,0,0,1,1
357,0,0,1,0,1,0,0,1,0,1,0,0,0,0,1
358,0,0,1,0,1,0,0,0,0,0,0,0,0,0,1
359,0,0,0,0,1,0,0,0,0,0,0,0,0,0,1
360,0,0,1,0,1,0,0,0,0,0,0,0,0,0,1
361,0,0,1,0,1,0,0,1,0,0,0,0,0,0,1
362,0,0,1,0,1,0,0,1,0,0,0,0,0,0,1
363,0,0,1,0,1,0,0,0,0,0,0,0,0,0,1
364,1,0,1,0,1,1,0,0,1,0,0,0,0,0,1
365,1,0,1,0,1,0,0,1,0,0,0,0,0,0,1
366,0,0,1,0,1,0,0,1,0,0,0,0,0,0,1
367,1,0,1,0,1,0,0,0,0,0,0,0,0,0,1
368,0,0,1,0,1,0,0,1,0,0,0,0,0,0,1
369,0,0,1,0,1,1,0,0,0,0,0,0,0,0,1
370,0,0,1,0,1,0,0,1,0,0,0,0,0,0,1
371,1,0,1,0,1,1,0,1,0,0,0,0,0,0,1
372,0,0,1,0,1,0,0,1,0,0,0,0,0,0,1
373,1,0,1,0,0,0,0,1,0,0,0,0,0,0,1
374,0,0,0,0,0,0,0,0,0,0,0,0,0,0,1
375,1,0,1,0,1,1,0,1,0,1,0,0,0,0,1
376,0,0,0,0,0,0,0,0,0,0,0,0,0,0,1
377,0,0,1,0,1,0,0,0,0,0,0,0,0,0,1
378,1,0,1,0,1,1,0,1,0,0,0,0,0,0,1
379,0,0,0,0,0,0,0,0,0,0,0,0,0,0,1
380,0,0,1,0,1,0,0,1,0,0,0,0,0,0,1
381,1,0,1,0,1,1,0,1,0,0,0,0,0,0,1
382,0,0,1,0,1,0,0,1,0,0,0,0,0,0,1
383,0,0,1,0,1,0,0,1,0,0,0,0,1,1,1
384,1,0,1,0,1,1,0,1,0,0,0,0,0,0,1
385,0,0,1,0,1,0,0,1,0,0,0,0,0,0,1
386,0,0,0,0,0,0,0,0,0,0,0,0,0,0,1
387,0,0,0,0,0,0,0,0,0,0,0,0,0,0,1
388,0,0,1,0,1,0,0,1,0,1,0,0,0,0,1
389,0,0,1,0,0,0,0,0,0,0,0,0,0,0,1
390,1,0,1,0,0,1,0,0,0,0,0,0,0,0,1
391,1,0,0,0,0,0,0,0,0,0,0,0,0,0,1
392,0,0,1,0,1,0,0,0,0,0,0,0,0,0,1
393,0,0,1,0,1,0,0,1,0,0,0,0,0,0,1
394,0,0,0,0,0,0,0,1,0,0,0,0,0,0,1
395,0,0,0,0,0,0,0,0,0,0,0,0,0,0,1
396,1,0,1,0,1,0,0,1,0,0,0,0,0,0,1
397,1,0,1,0,1,0,0,1,0,0,0,0,0,0,1
398,0,0,1,0,1,0,0,1,0,0,0,0,0,0,1
399,0,0,1,0,0,0,0,1,0,0,0,0,0,0,1
400,1,0,1,0,1,1,0,1,0,0,0,0,0,0,1
401,0,0,0,0,0,0,0,0,0,0,0,0,0,0,1
402,1,0,1,0,1,1,0,1,0,0,0,0,0,0,1
403,0,0,0,0,0,0,0,1,0,1,0,0,0,0,1
404,1,0,1,0,1,0,0,0,0,0,0,0,0,0,1
405,1,0,1,0,1,0,0,0,0,0,0,0,0,1,1
406,1,0,0,0,0,0,0,0,0,0,0,0,0,0,1
407,1,0,0,0,0,0,0,0,0,0,0,0,0,0,1
408,1,0,0,0,0,0,0,0,0,0,0,0,0,0,1
409,1,0,1,0,1,1,0,1,0,0,0,0,1,0,1
410,1,0,1,0,1,1,0,1,0,0,0,0,0,0,1
411,1,0,1,0,1,1,0,1,0,0,0,0,0,0,1
412,0,1,1,0,1,1,0,0,0,0,0,0,0,0,1
413,1,0,0,0,0,0,0,0,0,0,0,0,0,0,1
414,1,0,1,0,1,1,0,1,0,0,0,0,0,0,1
415,1,0,1,0,1,0,0,0,0,0,0,0,0,0,1
416,1,0,0,0,0,1,0,1,0,0,0,0,0,0,1
417,1,0,1,0,1,1,0,1,0,0,0,0,0,1,1
418,1,0,0,0,0,0,0,0,0,0,0,0,0,0,1
419,1,0,1,0,1,0,0,0,0,0,0,0,0,0,1
420,1,0,0,0,0,0,0,1,0,0,0,0,0,0,1
421,1,0,1,0,1,1,0,1,0,0,0,0,0,0,1
422,0,0,0,0,0,0,0,1,0,0,0,0,0,0,1
423,0,0,0,0,0,0,0,0,0,0,0,0,0,0,1
424,0,0,0,0,0,0,0,0,0,0,0,0,0,0,1
425,0,0,0,0,0,0,0,0,0,0,0,0,0,0,1
426,0,0,0,0,0,0,0,1,0,0,0,0,0,0,1
427,0,0,0,0,0,0,0,0,0,0,0,0,0,0,1
428,0,0,1,0,1,0,0,1,0,1,0,0,0,0,1
429,1,0,0,0,1,0,0,0,0,1,0,0,0,0,1
430,0,0,1,0,1,0,0,1,0,0,0,0,0,0,1
431,0,0,0,0,0,0,0,0,0,0,0,0,0,0,1
432,0,1,1,0,1,0,1,1,0,1,0,1,1,1,0
433,1,0,1,0,1,0,1,0,0,1,0,1,1,1,0
434,0,1,1,0,1,1,0,1,0,1,0,1,0,1,0
435,0,1,1,0,1,1,0,1,0,1,0,0,0,1,0
436,0,0,1,0,1,1,1,1,0,1,0,1,0,1,0
437,0,0,1,0,1,0,0,1,0,0,0,0,0,1,0
438,0,0,0,0,1,0,0,1,0,1,0,0,0,1,0
439,1,0,1,0,1,0,0,1,0,0,0,0,1,1,0
440,0,1,1,0,1,1,0,1,0,1,0,0,0,1,0
441,0,1,1,0,1,0,0,1,0,1,0,0,0,1,0
442,0,1,1,0,1,0,1,1,0,0,0,0,0,1,0
443,0,1,1,0,1,1,1,1,0,1,0,0,1,1,0
444,0,1,1,0,1,1,1,1,0,1,0,1,1,1,0
445,0,1,1,0,1,1,1,1,0,1,0,1,1,1,0
446,0,1,1,0,1,0,0,1,0,1,0,0,0,1,0
447,0,0,1,0,0,0,0,0,0,1,0,0,0,1,0
448,0,0,0,0,0,0,0,0,0,0,0,0,0,1,0
449,1,0,1,0,1,1,1,1,0,1,0,0,0,1,0
450,0,0,0,0,0,0,0,0,0,0,0,0,0,1,0
451,0,1,1,0,1,1,1,1,0,1,0,0,1,1,0
452,0,0,0,0,0,0,0,0,0,0,0,0,0,1,0
453,0,0,1,0,1,0,0,1,0,1,0,0,0,1,0
454,0,0,1,0,0,0,0,0,0,1,0,0,0,1,0
455,0,1,1,0,1,0,0,1,0,1,0,1,1,1,0
456,1,0,1,0,1,1,0,0,0,1,0,0,0,1,0
457,0,1,1,0,1,0,1,0,0,1,0,0,0,1,0
458,0,0,0,0,1,0,0,0,0,0,0,0,0,1,0
459,0,0,0,0,1,0,0,0,0,0,0,0,0,1,0
460,0,1,1,0,1,1,0,1,0,1,0,0,1,1,0
461,0,1,1,0,1,0,1,1,0,1,0,1,1,1,0
462,1,0,1,0,1,0,0,1,0,1,0,0,1,1,0
463,0,1,1,0,1,1,0,1,0,1,0,1,1,1,0
464,1,0,1,0,0,1,0,1,0,0,0,0,0,1,0
465,0,1,1,0,1,0,0,1,0,1,0,0,1,1,0
466,0,1,1,0,1,0,1,1,0,1,0,1,1,1,0
467,0,0,1,0,1,0,0,1,0,1,0,0,0,1,0
468,0,0,0,0,1,0,0,0,0,0,0,0,0,1,0
469,0,0,1,0,1,1,1,1,0,1,0,0,0,1,0
470,0,1,1,0,1,0,1,1,0,1,0,0,1,1,0
471,0,0,0,0,0,0,0,0,0,0,0,0,0,1,0
472,0,1,1,0,1,0,0,0,0,1,0,0,0,1,0
473,0,0,0,0,1,0,0,1,0,1,0,0,1,1,0
474,1,0,1,0,0,0,0,1,0,1,0,0,1,1,0
475,1,0,1,0,1,0,0,1,0,1,0,0,0,1,0
476,0,1,1,0,1,1,1,1,0,1,0,0,1,1,0
477,0,1,1,0,1,0,0,1,0,1,0,1,1,1,0
478,0,0,1,0,1,0,1,1,0,0,0,0,0,1,0
479,0,1,1,0,1,0,1,1,0,1,0,1,0,1,0
480,0,1,1,0,1,0,1,1,0,1,0,0,1,1,0
481,0,1,1,0,1,0,0,0,0,1,0,0,0,1,0
482,0,1,1,0,1,1,0,1,0,1,0,0,0,1,0
483,0,1,1,0,1,1,0,1,0,1,0,0,0,1,0
484,0,0,1,0,0,0,0,0,0,0,0,0,0,1,0
485,0,1,1,0,1,1,0,1,0,1,0,0,1,1,0
486,1,0,1,0,1,0,1,1,0,0,0,0,1,1,0
487,0,0,0,0,0,0,0,1,0,0,0,0,0,1,0
488,0,1,1,0,1,1,0,1,0,1,0,0,0,1,0
489,0,1,1,0,1,0,0,1,0,0,0,1,1,1,0
490,0,1,1,0,1,0,0,1,0,1,0,0,1,1,0
491,0,1,1,0,1,1,0,0,0,1,0,1,1,1,0
492,0,0,1,0,1,0,0,1,0,1,0,0,1,1,0
493,0,0,0,0,0,0,0,0,0,0,0,0,0,1,0
494,0,1,1,0,1,1,1,1,0,1,0,0,1,1,0
495,0,1,1,0,1,0,0,0,0,1,0,0,0,1,0
496,0,0,1,0,1,0,0,1,0,1,0,0,1,1,0
497,0,1,1,0,1,0,1,1,0,1,0,0,1,1,0
498,0,1,0,0,1,0,1,1,0,1,0,0,1,1,0
499,0,0,0,0,0,0,0,1,0,0,0,0,0,1,0
500,0,1,1,0,1,1,1,1,0,1,0,0,1,1,0
501,0,0,1,0,1,0,0,1,0,1,0,1,0,1,0
502,0,1,1,0,1,0,1,0,0,1,0,0,1,1,0
503,0,0,0,0,1,0,0,0,0,0,0,0,0,1,0
504,0,0,0,0,0,0,0,0,0,0,0,0,0,1,0
505,0,1,1,0,1,0,0,0,0,1,0,0,1,1,0
506,0,1,1,0,1,0,0,1,0,1,0,0,1,1,0
507,0,0,1,0,1,1,1,1,0,1,0,1,1,1,0
508,0,0,1,0,1,1,1,1,0,1,0,0,1,1,0
509,0,1,1,0,1,0,1,0,0,1,0,0,0,1,0
510,0,0,1,0,1,0,0,0,0,0,0,0,0,1,0
511,0,0,0,0,0,0,0,0,0,0,0,0,0,1,0
512,1,0,1,0,1,0,1,1,0,1,0,0,0,1,0
513,0,0,0,0,1,0,1,1,0,1,0,0,0,1,0
514,0,0,1,0,1,0,0,0,0,1,0,0,0,1,0
515,1,0,1,0,1,1,0,0,0,1,0,0,1,1,0
516,0,0,1,0,0,0,0,1,0,1,0,0,0,1,0
517,0,0,1,0,1,0,0,1,0,0,0,0,0,1,0
518,0,1,0,0,1,0,0,1,0,1,0,0,0,1,0
519,0,0,0,0,0,0,0,0,0,0,0,0,0,1,0
520,1,0,1,0,1,1,0,1,0,1,0,0,1,1,0
521,0,0,1,0,1,0,0,1,0,1,0,0,1,1,0
522,0,1,1,0,1,0,0,1,0,1,0,0,0,1,0
523,0,1,1,0,1,1,1,1,0,1,0,0,1,1,0
524,0,0,1,0,1,0,1,0,0,0,0,0,0,1,0
525,0,1,1,0,1,0,1,1,0,1,0,0,1,1,0
526,0,0,1,0,1,0,1,1,0,0,0,1,0,1,0
527,0,0,1,0,1,0,1,1,0,1,0,0,0,1,0
528,0,1,1,0,1,0,1,1,0,1,0,0,1,1,0
529,1,0,1,0,1,0,0,1,0,1,0,1,1,1,0
530,0,0,0,0,1,0,0,1,0,1,0,0,0,1,0
531,0,0,1,0,0,0,1,1,0,1,0,0,0,1,0
532,0,0,1,0,1,0,0,0,0,0,0,0,1,1,0
533,0,0,1,0,1,0,0,0,0,1,0,0,0,1,0
534,1,0,1,0,1,0,0,1,0,1,0,0,0,1,0
535,0,0,1,0,1,1,0,1,0,1,0,0,0,1,0
536,1,0,1,0,1,1,1,0,0,1,0,0,0,1,0
537,1,0,1,0,1,0,1,1,0,1,0,0,0,1,0
538,0,0,1,0,1,1,0,0,0,1,0,0,0,1,0
539,0,0,0,0,1,0,1,1,0,1,0,0,0,1,0
540,0,0,0,0,0,0,0,1,0,1,0,0,0,1,0
541,0,1,1,0,1,0,1,1,0,1,0,0,1,1,0
542,0,0,1,0,1,0,0,0,0,1,0,0,0,1,0
543,0,0,1,0,0,0,0,1,0,0,0,0,1,1,0
544,0,0,1,0,0,0,0,0,0,0,0,0,0,1,0
545,0,0,1,0,1,0,1,1,0,1,0,0,0,1,0
546,0,1,1,0,1,0,1,1,0,1,0,0,1,1,0
547,0,1,0,0,1,0,1,1,0,1,0,0,0,1,0
548,0,0,1,0,1,0,0,0,0,1,0,0,0,1,0
549,0,1,1,0,1,0,0,1,0,1,0,1,1,1,0
550,1,0,1,0,1,0,0,0,0,0,0,0,0,1,0
551,0,0,1,0,1,1,0,1,0,1,0,0,0,1,0
552,0,0,1,0,1,0,0,1,0,0,0,0,0,1,0
553,1,0,1,0,1,1,1,1,0,1,0,0,1,1,0
554,0,0,0,0,1,0,0,1,0,1,0,0,0,1,0
555,0,1,1,0,1,1,0,1,0,1,0,0,0,1,0
556,1,0,1,0,1,0,0,1,0,1,0,0,0,1,0
557,0,0,0,0,1,0,1,1,0,0,0,0,0,1,0
558,1,0,1,0,0,0,0,0,0,1,0,0,0,1,0
559,1,0,1,0,1,1,0,1,0,0,0,1,1,1,0
560,0,0,1,0,1,0,0,1,0,1,0,0,0,1,0
561,1,0,1,0,1,1,1,0,0,1,0,1,0,1,0
562,0,1,1,0,1,1,0,0,0,1,0,0,0,1,0
563,0,1,1,0,1,1,0,0,0,1,0,1,1,1,0
564,0,1,1,0,1,1,1,1,0,1,0,1,1,1,0
565,1,0,1,0,1,1,1,1,0,1,0,0,1,1,0
566,0,0,1,0,1,0,0,1,0,1,0,1,1,1,0
567,0,0,1,0,1,0,0,1,0,0,0,0,0,1,0
568,0,0,1,0,1,1,0,0,0,0,0,0,0,1,0
569,0,0,0,0,1,0,0,0,0,0,0,0,0,1,0
570,0,1,1,0,1,0,1,1,0,1,0,1,1,1,0
571,0,1,1,0,1,1,1,1,0,1,0,0,0,1,0
572,0,0,0,0,1,0,0,1,0,0,0,0,0,1,0
573,1,0,1,0,1,0,0,0,0,1,0,0,0,1,0
574,0,0,1,0,1,0,0,1,0,1,0,0,1,1,0
575,0,1,1,0,1,1,0,0,0,0,0,1,1,1,0
576,0,1,1,0,1,1,0,1,0,1,0,0,1,1,0
577,1,0,1,0,1,0,0,1,0,0,0,0,0,1,0
578,0,1,1,0,1,1,1,1,0,1,0,0,1,1,0
579,0,0,1,0,1,1,0,1,0,1,0,0,1,1,0
580,0,0,1,0,1,0,0,1,0,0,0,0,1,1,0
581,0,1,1,0,1,1,0,1,0,1,0,0,1,1,0
582,0,0,0,0,0,0,0,0,0,0,0,0,0,1,0
583,0,0,0,0,1,0,0,1,0,1,0,0,1,1,0
584,0,0,0,0,1,0,0,1,0,1,0,0,1,1,0
585,0,0,1,0,1,0,1,0,0,1,0,0,0,1,0
586,0,1,1,0,1,0,0,1,0,1,0,0,0,1,0
587,0,0,0,0,0,0,0,0,0,0,0,0,0,1,0
588,0,0,1,0,1,0,1,0,0,1,0,1,0,1,0
589,0,1,1,0,1,0,1,1,0,1,0,1,1,1,0
590,0,1,1,0,1,1,0,1,0,1,0,0,1,1,0
591,1,0,1,0,1,1,1,1,0,1,0,0,1,1,0
592,0,0,0,0,1,0,0,0,0,1,0,0,1,1,0
593,1,0,1,0,1,0,0,1,0,1,0,1,1,1,0
594,0,1,0,0,1,1,0,1,0,0,0,0,0,1,0
595,0,0,0,0,0,0,0,1,0,1,0,0,0,1,0
596,0,0,1,0,1,0,1,1,0,1,0,0,1,1,0
597,0,0,1,0,1,0,0,0,0,1,0,0,1,1,0
598,0,1,1,0,1,0,0,1,0,1,0,0,0,1,0
599,0,0,1,0,1,0,0,1,0,1,0,0,0,1,0
600,0,0,1,0,1,0,0,1,0,1,0,1,0,1,0
601,1,0,1,0,1,1,0,1,0,1,0,0,0,1,0
602,0,1,1,0,1,1,1,1,0,1,0,1,1,1,0
603,0,1,1,0,1,1,1,1,0,1,0,0,1,1,0
604,0,0,1,0,1,1,0,0,0,0,0,0,0,1,0
605,0,0,1,0,1,1,0,1,0,1,0,0,1,1,0
606,0,1,1,0,1,1,1,0,0,1,0,1,0,1,0
607,0,0,1,0,1,0,1,1,0,1,0,1,0,1,0
608,0,1,1,0,1,0,1,1,0,1,0,0,1,1,0
609,1,0,1,0,1,1,1,1,0,1,0,1,1,1,0
610,0,1,1,0,1,0,0,1,0,0,0,0,0,1,0
611,0,0,1,0,0,0,0,1,0,0,0,0,0,1,0
612,1,0,0,0,1,0,0,1,0,1,0,0,0,1,0
613,0,0,1,0,1,1,1,1,0,1,0,0,1,1,0
614,0,1,1,0,1,0,1,1,0,1,0,0,1,1,0
615,0,0,1,0,1,0,0,1,0,1,0,1,0,1,0
616,0,0,0,0,0,0,0,1,0,1,0,0,0,1,0
617,0,0,1,0,1,1,0,1,0,1,0,0,1,1,0
618,0,1,1,0,1,0,0,1,0,1,0,0,1,1,0
619,0,0,1,0,1,0,0,0,0,1,0,0,1,1,0
620,0,1,1,0,1,0,1,0,0,1,0,0,0,1,0
621,0,0,1,0,1,0,1,1,0,1,0,0,0,1,0
622,0,1,1,0,1,0,1,1,0,1,0,0,1,1,0
623,0,0,0,0,1,0,1,1,0,1,0,0,1,1,0
624,0,0,1,0,1,1,0,0,0,1,0,1,1,1,0
625,0,1,1,0,1,1,0,1,0,1,0,1,1,1,0
626,0,1,1,0,1,1,1,1,0,1,0,0,0,1,0
627,0,0,1,0,1,0,1,0,0,1,0,0,0,1,0
628,0,0,0,0,0,0,0,0,0,0,0,0,0,1,0
629,1,0,1,0,1,1,1,1,0,0,0,1,1,1,0
630,0,1,1,0,1,1,0,1,0,1,0,1,1,1,0
631,0,0,0,0,0,0,0,0,0,0,0,0,0,1,0
632,0,1,1,0,1,1,0,1,0,1,0,0,0,1,0
633,0,1,1,0,1,0,0,0,0,1,0,1,1,1,0
634,0,1,1,0,0,0,1,0,0,1,0,0,0,1,0
635,0,1,1,0,1,1,1,0,0,1,0,0,0,1,0
636,0,1,1,0,1,1,1,1,0,1,0,1,1,1,0
637,0,1,1,0,1,1,1,1,0,1,0,0,1,1,0
638,0,1,1,0,1,0,1,0,0,1,0,0,1,1,0
639,0,0,1,0,1,0,0,1,0,1,0,0,0,1,0
640,0,0,1,0,1,0,0,1,0,1,0,0,1,1,0
641,0,0,1,0,1,0,0,0,0,1,0,0,1,1,0
642,1,0,1,0,1,0,1,1,0,1,0,0,0,1,0
643,0,1,1,0,1,0,1,1,0,1,0,0,1,1,0
644,0,0,1,0,1,0,1,1,0,1,0,0,0,1,0
645,0,1,1,0,1,1,1,1,0,1,0,0,1,1,0
646,0,1,1,0,1,0,1,1,0,1,0,0,1,1,0
647,0,1,1,0,1,0,1,1,0,1,0,0,0,1,0
648,0,0,0,0,1,0,0,1,0,1,0,0,0,1,0
649,0,1,1,0,1,0,0,1,0,1,0,0,1,1,0
650,1,0,0,0,1,0,1,1,0,0,0,0,0,1,0
651,0,0,1,0,1,0,0,1,0,0,0,0,0,1,0
652,1,0,1,0,1,0,0,1,0,1,0,0,0,1,0
653,0,1,1,0,1,1,0,0,0,1,0,0,0,1,0
654,0,1,1,0,1,0,0,1,0,1,0,0,0,1,0
655,0,0,1,0,1,0,0,0,0,1,0,0,1,1,0
656,1,0,0,0,1,0,1,1,0,1,0,0,1,1,0
657,0,1,1,0,1,0,0,1,0,1,0,0,1,1,0
658,0,0,1,0,0,0,0,0,0,1,0,0,0,1,0
659,0,0,1,0,1,0,0,0,0,1,0,0,0,1,0
660,0,1,1,0,1,0,1,1,0,1,0,1,1,1,0
661,0,1,1,0,1,0,1,1,0,1,0,1,1,1,0
662,0,0,0,0,1,0,0,1,0,0,0,1,1,1,0
663,0,0,0,0,1,0,0,0,0,1,0,0,1,1,0
664,0,0,1,0,1,0,0,1,0,1,0,0,1,1,0
665,0,0,1,0,1,0,0,1,0,1,0,0,0,1,0
666,0,1,1,0,1,0,0,1,0,1,0,0,1,1,0
667,0,0,0,0,0,0,0,0,0,0,0,0,0,1,0
668,0,1,1,0,1,0,1,1,0,1,0,0,1,1,0
669,0,1,0,0,1,0,0,0,0,0,0,0,0,1,0
670,0,0,1,0,1,0,1,0,0,1,0,1,1,1,0
671,0,1,1,0,1,0,1,1,0,1,0,1,1,1,0
672,0,0,0,0,0,0,0,0,0,0,0,0,0,1,0
673,0,0,1,0,1,0,0,0,0,1,0,0,1,1,0
674,0,1,1,0,1,0,0,0,0,1,0,0,1,1,0
675,0,0,1,0,1,0,0,1,0,1,0,1,0,1,0
676,0,1,1,0,1,1,1,0,0,1,0,0,0,1,0
677,0,1,1,0,1,1,1,0,0,1,0,0,0,1,0
678,0,0,0,0,0,0,0,0,0,1,0,0,0,1,0
679,0,0,1,0,1,1,0,0,0,1,0,0,1,1,0
680,0,1,1,0,1,0,0,0,0,1,0,0,1,1,0
681,0,0,1,0,1,1,1,1,0,1,0,0,1,1,0
682,0,0,0,0,1,1,0,1,0,1,0,0,0,1,0
683,0,0,1,0,1,0,1,1,0,1,0,0,1,1,0
684,0,1,1,0,1,0,1,1,0,1,0,0,1,1,0
685,0,1,1,0,1,0,0,1,0,1,0,0,1,1,0
686,0,1,1,0,1,0,1,0,0,1,0,0,1,1,0
687,0,1,1,0,1,0,0,1,0,1,0,0,0,1,0
688,0,0,1,0,1,0,1,1,0,0,0,0,0,1,0
689,0,1,1,0,1,0,1,1,0,1,0,0,1,1,0
690,0,0,0,0,0,0,0,1,0,1,0,0,0,1,0
691,0,1,1,0,1,1,0,0,0,0,0,0,0,1,0
692,1,0,1,0,1,0,0,1,0,1,0,0,1,1,0
693,0,0,0,0,1,0,0,1,0,1,0,0,0,1,0
694,0,0,0,0,0,0,0,0,0,0,0,0,1,1,0
695,0,1,1,0,1,0,1,1,0,1,0,1,1,1,0
696,0,1,1,0,1,0,0,1,0,1,0,0,0,1,0
697,0,1,1,0,1,0,0,0,0,1,0,1,0,1,0
698,0,1,1,0,1,1,1,1,0,1,0,1,1,1,0
699,0,1,1,0,1,1,0,0,0,1,0,1,1,1,0
700,0,0,1,0,1,0,1,0,0,0,0,0,1,1,0
701,0,1,1,0,1,0,0,1,0,1,0,0,0,1,0
702,1,0,0,0,0,0,0,1,0,0,0,0,1,1,0
703,0,1,1,0,1,0,1,1,0,1,0,0,1,1,0
704,0,1,1,0,1,0,1,1,0,1,0,0,1,1,0
705,0,0,0,0,0,0,0,1,0,1,0,0,0,1,0
706,0,1,1,0,1,1,1,1,0,1,0,1,1,1,0
707,0,0,0,0,0,0,0,0,0,0,0,0,0,1,0
708,0,1,1,0,1,1,1,1,0,1,0,0,1,1,0
709,0,0,1,0,1,1,1,1,0,1,0,0,1,1,0
710,0,0,1,0,1,0,0,1,0,0,0,0,1,1,0
711,0,1,1,0,1,1,1,1,0,1,0,1,0,1,0
712,0,1,1,0,1,1,1,0,0,1,0,0,0,1,0
713,0,1,1,0,1,0,1,1,0,1,0,1,1,1,0
714,0,1,1,0,1,1,1,1,0,1,0,1,1,1,0
715,0,1,1,0,1,1,0,1,0,1,0,0,1,1,0
716,1,0,1,0,1,1,1,1,0,1,0,1,0,1,0
717,1,0,1,0,1,1,1,1,0,1,0,1,0,1,0
718,1,0,1,0,1,0,0,1,0,1,0,0,1,1,0
719,0,0,0,0,0,0,0,0,0,1,0,0,0,1,0
720,0,0,1,0,1,0,0,1,0,1,0,0,1,1,0
721,0,1,1,0,1,0,0,1,0,1,0,0,1,1,0
722,0,0,0,0,0,0,0,0,0,0,0,0,0,1,0
723,0,0,1,0,1,0,1,1,0,1,0,1,1,1,0
724,0,1,1,0,1,1,0,1,0,1,0,0,1,1,0
725,0,0,1,0,1,0,0,0,0,1,0,0,1,1,0
726,0,0,0,0,0,0,0,0,0,0,0,0,0,1,0
727,0,0,1,0,1,1,0,1,0,1,0,0,1,1,0
728,1,0,1,0,1,0,0,1,0,1,0,0,1,1,0
729,0,0,1,0,1,0,0,0,0,1,0,0,1,1,0
730,0,1,1,0,1,1,1,1,0,1,0,0,1,1,0
731,0,1,1,0,1,0,0,1,0,1,0,0,1,1,0
732,0,1,1,0,1,0,1,1,0,1,0,0,0,1,0
733,0,1,1,0,1,1,0,1,0,1,0,0,1,1,0
734,0,1,1,0,1,1,0,1,0,1,0,0,1,1,0
735,0,0,1,0,0,0,0,0,0,0,0,0,0,1,0
736,0,1,1,0,1,0,0,0,0,1,0,0,1,1,0
737,0,1,1,0,1,1,0,1,0,1,0,0,0,1,0
738,0,1,1,0,1,1,0,1,0,1,0,0,0,1,0
739,0,1,1,0,1,1,1,1,0,1,0,1,1,1,0
740,0,1,1,0,1,0,1,1,0,1,0,1,1,1,0
741,0,0,1,0,1,1,0,1,0,1,0,1,1,1,0
742,0,1,1,0,1,1,0,1,0,1,0,1,1,1,0
743,1,0,1,0,1,0,0,1,0,1,0,0,0,1,0
744,0,1,1,0,1,0,1,0,0,1,0,1,0,1,0
745,1,0,1,0,1,0,0,0,0,1,0,0,1,1,0
746,0,1,1,0,1,0,0,1,0,1,0,1,1,1,0
747,0,1,1,0,1,1,0,1,0,1,0,0,0,1,0
748,0,0,1,0,1,0,0,0,0,1,0,0,0,1,0
749,1,0,0,0,0,0,0,1,0,0,0,0,1,1,0
750,0,1,1,0,1,0,1,1,0,1,0,1,1,1,0
751,0,0,1,0,1,0,0,1,0,1,0,0,1,1,0
752,1,0,1,0,1,1,0,1,0,0,0,0,1,1,0
753,0,1,1,0,1,0,0,1,0,1,0,0,1,1,0
754,0,1,1,0,1,1,0,1,0,1,0,0,1,1,0
755,0,1,1,0,1,1,0,1,0,1,0,0,1,1,0
756,1,0,1,0,1,0,1,0,0,0,0,0,1,1,0
757,0,0,1,0,1,1,0,0,0,1,0,1,0,1,0
758,0,1,1,0,1,0,0,0,0,1,0,0,1,1,0
759,0,1,1,0,1,0,0,0,0,1,0,0,1,1,0
760,0,1,1,0,1,0,0,0,0,1,0,1,0,1,0
761,0,0,1,0,0,0,0,1,0,1,0,0,1,1,0
762,0,0,1,0,0,0,0,0,0,1,0,0,0,1,0
763,1,0,1,0,1,0,0,1,0,1,0,1,1,1,0
764,0,1,1,0,1,0,1,1,0,1,0,1,1,1,0
765,0,0,0,0,0,0,0,0,0,0,0,0,0,1,0
766,0,0,1,0,1,0,0,1,0,1,0,0,0,1,0
767,0,1,1,0,1,0,0,1,0,1,0,0,1,1,0
768,0,1,1,0,1,0,0,1,0,1,0,0,0,1,0
769,0,1,1,0,1,1,1,1,0,1,0,1,1,1,0
770,0,1,1,0,1,0,0,0,0,1,0,1,0,1,0
771,0,0,0,0,0,0,0,0,0,0,0,0,0,1,0
772,0,0,1,0,1,0,0,0,0,0,0,0,1,1,0
773,0,0,1,0,1,0,0,1,0,1,0,0,1,1,0
774,0,1,1,0,1,0,1,1,0,1,0,1,1,1,0
775,0,1,0,0,1,0,1,1,0,1,0,0,0,1,0
776,0,0,1,0,1,0,1,0,0,1,0,0,1,1,0
777,0,1,1,0,1,0,1,0,0,0,0,0,0,1,0
778,0,1,1,0,1,0,1,1,0,1,0,1,1,1,0
779,0,0,0,0,0,0,0,1,0,1,0,0,0,1,0
780,0,1,1,0,1,0,1,1,0,1,0,0,1,1,0
781,1,0,1,0,1,1,0,1,0,1,0,1,1,1,0
782,0,0,1,0,1,0,0,1,0,1,0,1,0,1,0
783,0,1,1,0,1,0,1,1,0,1,0,0,1,1,0
784,0,1,1,0,1,1,1,1,0,1,0,1,1,1,0
785,0,0,1,0,1,0,1,1,0,1,0,0,0,1,0
786,0,1,1,0,1,0,0,0,0,0,0,0,0,1,0
787,0,0,0,0,1,0,0,1,0,1,0,0,1,1,0
788,0,0,1,0,1,0,0,1,0,1,0,0,1,1,0
789,1,0,1,0,1,1,0,1,0,1,0,1,1,1,0
790,0,0,0,0,1,0,0,1,0,1,0,0,0,1,0
791,1,0,1,0,1,0,0,1,0,1,0,0,1,1,0
792,0,1,1,0,1,0,0,0,0,0,0,0,1,1,0
793,0,0,0,0,1,0,0,1,0,1,0,0,0,1,0
794,0,0,0,0,0,0,0,0,0,0,0,0,0,1,0
795,0,1,1,0,1,0,1,0,0,1,0,1,1,1,0
796,0,1,1,0,1,1,0,1,0,0,0,0,1,1,0
797,0,0,1,0,1,0,0,0,0,1,0,0,0,1,0
798,0,0,1,0,1,1,0,1,0,1,0,0,1,1,0
799,0,1,1,0,1,1,0,1,0,1,0,1,1,1,0
800,0,1,1,0,1,0,0,1,0,1,0,1,0,1,0
801,0,0,0,0,0,0,0,1,0,0,0,0,0,1,0
802,0,1,1,0,1,0,1,1,0,1,0,0,1,1,0
803,0,0,1,0,1,0,1,1,0,1,0,1,0,1,0
804,0,1,1,0,1,1,0,0,0,1,0,1,0,1,0
805,0,0,1,0,1,1,0,1,0,1,0,1,1,1,0
